Treatment,Description
1,Solution 1
2,Solution 2
3,Solution 3
4,Solution 4
5,Solution 5
6,Solution 6
7,Solution 7
8,Solution 8
9,Solution 9
10,Solution 10
11,Solution 11
12,Solution 12
13,Solution 13
14,Solution 14
15,Solution 15
16,Solution 16
17,Solution 17
18,Solution 18
19,Solution 19
20,Solution 20
21,Solution 21
22,Solution 22
23,Solution 23
24,Solution 24
25,Solution 25
26,Solution 26
27,Solution 27
28,Solution 28
29,Solution 29
30,Solution 30
31,Solution 31
32,Solution 32
33,Solution 33
34,Solution 34
35,Solution 35
36,Solution 36
37,Solution 37
38,Solution 38
39,Solution 39
40,Solution 40
41,Solution 41
42,Solution 42
43,Solution 43
44,Solution 44
45,Solution 45
46,Solution 46
47,Solution 47
48,Solution 48
49,Solution 49
